ChatGPT;;;;
#;Tiempo de respuesta;;;Direccion ip
1;*;*;*;*
2;*;*;*;*
3;*;*;*;*
4;159.642;159.642;159.642;41.78.188.17
5;*;*;*;*
6;*;*;*;*
7;158.691;158.691;158.691;41.78.188.151
8;160.320;160.320;160.320;80.81.194.180
9;159.401;159.401;159.401;162.158.84.145
10;*;*;*;172.64.155.209
11;*;*;*;*
12;*;*;*;*
13;*;*;*;*
14;*;*;*;*
15;*;*;*;*
16;*;*;*;*
17;*;*;*;*
18;*;*;*;*
19;*;*;*;*
20;*;*;*;*
21;*;*;*;*
22;*;*;*;*
23;*;*;*;*
24;*;*;*;*
25;*;*;*;*
26;*;*;*;*
27;*;*;*;*
28;*;*;*;*
29;*;*;*;*
30;*;*;*;*
